{
  "release": {
    "水库A": [
      150.0,
      150.0,
      152.0,
      155.0,
      160.0,
      180.0,
      220.0,
      280.0,
      350.0,
      420.0,
      480.0,
      520.0,
      420.0,
      370.0,
      380.0,
      360.0,
      330.0,
      290.0,
      240.0,
      190.0,
      140.0,
      100.0,
      70.0,
      50.0,
      30.0,
      20.0,
      20.0,
      20.0,
      20.0,
      20.0,
      50.0,
      110.0,
      180.0,
      250.0,
      300.0,
      330.0,
      340.0,
      320.0,
      280.0,
      230.0,
      170.0,
      120.0,
      80.0,
      50.0,
      25.0,
      20.0,
      20.0,
      65.0
    ],
    "水库B": [
      180.0,
      180.0,
      182.0,
      185.0,
      190.0,
      205.0,
      235.0,
      280.0,
      330.0,
      390.0,
      440.0,
      480.0,
      330.0,
      230.0,
      240.0,
      225.0,
      200.0,
      165.0,
      125.0,
      85.0,
      87.85714285714286,
      30.0,
      30.0,
      30.0,
      30.0,
      30.0,
      30.0,
      30.0,
      30.0,
      30.0,
      65.71428571428572,
      114.28571428571429,
      122.85714285714286,
      177.85714285714286,
      222.85714285714286,
      295.7142857142857,
      267.85714285714283,
      257.85714285714283,
      227.85714285714286,
      182.85714285714286,
      132.85714285714286,
      130.71428571428572,
      70.0,
      65.71428571428572,
      62.857142857142854,
      30.0,
      58.57142857142857,
      58.0
    ],
    "水库C": [
      50.0,
      50.0,
      50.0,
      50.0,
      65.0,
      95.0,
      145.0,
      205.0,
      270.0,
      330.0,
      380.0,
      415.0,
      215.0,
      235.0,
      245.0,
      230.0,
      200.0,
      160.0,
      110.0,
      60.0,
      50.0,
      50.0,
      50.0,
      50.0,
      50.0,
      50.0,
      50.0,
      50.0,
      50.0,
      50.0,
      50.0,
      50.0,
      50.0,
      90.0,
      140.0,
      175.0,
      195.0,
      190.0,
      160.0,
      115.0,
      65.0,
      50.0,
      50.0,
      50.0,
      50.0,
      50.0,
      50.0,
      50.0
    ]
  }
}